dig_des,dep_id,total_visits,readmissions,readmission_rate_pct,avg_bill_amount
Immunology,DPT305,127,38,29.9,14235.29
Endoscopy,DPT915,150,44,29.3,10843.14
Palliative,DPT110,126,36,28.6,11935.48
Renal,DPT217,155,43,27.7,13555.56
Obstetrics,DPT678,134,37,27.6,11937.5
Endoscopy,DPT305,123,34,27.6,12161.29
Obstetrics,DPT119,134,37,27.6,12941.18
Renal,DPT369,125,34,27.2,13000.0
Cardiac Electrophysiology,DPT845,129,35,27.1,13833.33
Autoimmune Disorders,DPT802,126,34,27.0,15027.03
Neurological,DPT802,152,41,27.0,10682.93
Reproductive - Male,DPT802,145,39,26.9,13333.33
Neurological,DPT678,156,42,26.9,12780.0
Neurological,DPT526,136,36,26.5,11545.45
Sleep Disorders,DPT256,140,37,26.4,10341.46
Sleep Disorders,DPT678,152,40,26.3,12645.16
Sleep Disorders,DPT412,122,32,26.2,14240.0
Endocrine,DPT913,122,32,26.2,13406.25
Oncology,DPT624,134,35,26.1,11971.43
Oral,DPT624,131,34,26.0,12689.66
Hematology,DPT104,147,38,25.9,11894.74
Musculoskeletal,DPT678,143,37,25.9,15880.95
Preventive,DPT902,155,40,25.8,15280.0
Cardiovascular,DPT237,120,31,25.8,11533.33
Infectious,DPT418,152,39,25.7,12770.83
Geriatrics,DPT337,136,35,25.7,12900.0
Otolaryngology,DPT845,113,29,25.7,16305.56
Hepatic,DPT731,148,38,25.7,12294.12
Pediatrics,DPT223,137,35,25.5,14562.5
Sleep Disorders,DPT845,122,31,25.4,13700.0
Respiratory,DPT913,115,29,25.2,12206.9
Toxicology,DPT913,127,32,25.2,13800.0
Ophthalmology,DPT802,139,35,25.2,14315.79
Renal,DPT681,107,27,25.2,11000.0
Radiology,DPT223,123,31,25.2,13677.42
Pediatrics,DPT913,127,32,25.2,14400.0
Geriatrics,DPT305,132,33,25.0,13142.86
Occupational Health,DPT520,160,40,25.0,13368.42
Immunology,DPT845,120,30,25.0,12475.0
Oncology,DPT412,108,27,25.0,14653.85
Palliative,DPT412,124,31,25.0,15230.77
Obstetrics,DPT624,109,27,24.8,12291.67
Palliative,DPT859,125,31,24.8,14323.53
Occupational Health,DPT237,121,30,24.8,11058.82
Pain Management,DPT731,154,38,24.7,13285.71
Pediatrics,DPT217,158,39,24.7,11906.98
Psychiatric,DPT119,134,33,24.6,13200.0
Endocrine,DPT902,126,31,24.6,11432.43
Renal,DPT337,138,34,24.6,12851.85
Psychiatric,DPT104,126,31,24.6,11666.67
Metabolic Disorders,DPT624,122,30,24.6,12080.0
Trauma,DPT902,122,30,24.6,12176.47
Pain Management,DPT589,151,37,24.5,12263.16
Neurological,DPT369,139,34,24.5,13142.86
Autoimmune Disorders,DPT337,135,33,24.4,12193.55
Trauma,DPT237,135,33,24.4,14741.94
Dermatology,DPT237,131,32,24.4,12567.57
Gastrointestinal,DPT624,127,31,24.4,14410.26
Allergy,DPT103,131,32,24.4,12600.0
Oncology,DPT256,119,29,24.4,11586.21
Autoimmune Disorders,DPT526,135,33,24.4,12727.27
Hematology,DPT902,148,36,24.3,13714.29
Neurological,DPT412,128,31,24.2,15724.14
Cardiac Electrophysiology,DPT110,120,29,24.2,11100.0
Urinary,DPT337,132,32,24.2,15131.58
Psychiatric,DPT223,157,38,24.2,10411.76
Autoimmune Disorders,DPT478,120,29,24.2,12933.33
Pediatrics,DPT526,153,37,24.2,11608.7
Hematology,DPT364,112,27,24.1,13777.78
Hepatic,DPT859,141,34,24.1,13789.47
Musculoskeletal,DPT337,141,34,24.1,10062.5
Respiratory,DPT520,162,39,24.1,13775.0
Toxicology,DPT104,125,30,24.0,13032.26
Hepatic,DPT902,146,35,24.0,15368.42
Radiology,DPT369,125,30,24.0,14076.92
Gastrointestinal,DPT412,129,31,24.0,13416.67
Reconstructive,DPT624,125,30,24.0,11939.39
Pediatrics,DPT364,142,34,23.9,13098.04
Immunology,DPT256,159,38,23.9,12750.0
Obstetrics,DPT681,113,27,23.9,14225.81
Respiratory,DPT802,126,30,23.8,14135.14
Reconstructive,DPT902,151,36,23.8,13567.57
Oral,DPT418,151,36,23.8,9972.97
Sleep Disorders,DPT731,122,29,23.8,12783.78
Congenital,DPT103,168,40,23.8,13063.83
Pediatrics,DPT589,156,37,23.7,15100.0
Addiction,DPT237,114,27,23.7,15000.0
Hematology,DPT731,144,34,23.6,12681.82
Toxicology,DPT412,123,29,23.6,13674.42
Obstetrics,DPT364,144,34,23.6,12529.41
Cardiac Electrophysiology,DPT731,140,33,23.6,12925.93
Reconstructive,DPT103,140,33,23.6,11609.76
Trauma,DPT412,127,30,23.6,14820.51
Psychiatric,DPT478,115,27,23.5,13102.56
Oral,DPT223,149,35,23.5,12733.33
Reproductive - Female,DPT412,115,27,23.5,14617.65
Endocrine,DPT520,175,41,23.4,14071.43
Toxicology,DPT902,141,33,23.4,12119.05
Psychiatric,DPT913,124,29,23.4,12562.5
Geriatrics,DPT520,154,36,23.4,14627.91
Dermatology,DPT364,146,34,23.3,14217.39
Endoscopy,DPT742,133,31,23.3,12861.11
Pediatrics,DPT678,133,31,23.3,10925.0
Palliative,DPT119,172,40,23.3,12825.0
Psychiatric,DPT526,116,27,23.3,12466.67
Hepatic,DPT217,168,39,23.2,14688.89
Trauma,DPT624,138,32,23.2,13078.95
Occupational Health,DPT624,130,30,23.1,13868.42
Pain Management,DPT902,121,28,23.1,11763.16
Autoimmune Disorders,DPT859,121,28,23.1,16258.06
Dermatology,DPT731,134,31,23.1,11685.71
Preventive,DPT237,121,28,23.1,12242.42
Palliative,DPT845,121,28,23.1,15720.93
Endocrine,DPT802,143,33,23.1,15305.56
Endoscopy,DPT681,130,30,23.1,14133.33
Sleep Disorders,DPT526,143,33,23.1,10666.67
Endocrine,DPT915,148,34,23.0,13486.49
Obstetrics,DPT478,113,26,23.0,13153.85
Geriatrics,DPT412,148,34,23.0,13511.11
Autoimmune Disorders,DPT104,122,28,23.0,14485.71
Respiratory,DPT103,139,32,23.0,10966.67
Ophthalmology,DPT520,152,35,23.0,12459.46
Musculoskeletal,DPT478,113,26,23.0,12000.0
Metabolic Disorders,DPT104,139,32,23.0,12078.95
Oral,DPT915,152,35,23.0,11981.13
Oncology,DPT915,140,32,22.9,13166.67
Cardiac Electrophysiology,DPT589,157,36,22.9,15666.67
Otolaryngology,DPT589,166,38,22.9,13295.45
Congenital,DPT364,131,30,22.9,11484.85
Neuromuscular,DPT859,131,30,22.9,13000.0
Cardiovascular,DPT119,136,31,22.8,15324.32
Metabolic Disorders,DPT237,127,29,22.8,15035.71
Trauma,DPT369,123,28,22.8,12000.0
Hematology,DPT845,145,33,22.8,12243.24
Psychiatric,DPT418,145,33,22.8,12914.29
Psychiatric,DPT412,114,26,22.8,9689.66
Ophthalmology,DPT913,114,26,22.8,14366.67
Endoscopy,DPT110,114,26,22.8,11638.89
Reproductive - Male,DPT794,136,31,22.8,12820.51
Preventive,DPT681,110,25,22.7,12918.92
Ophthalmology,DPT624,110,25,22.7,10833.33
Addiction,DPT305,128,29,22.7,13775.0
Autoimmune Disorders,DPT418,163,37,22.7,10979.59
Gastrointestinal,DPT802,128,29,22.7,11857.14
Neurological,DPT681,128,29,22.7,12000.0
Reproductive - Female,DPT418,146,33,22.6,13606.06
Congenital,DPT478,124,28,22.6,10657.14
Radiology,DPT337,137,31,22.6,11078.95
Radiology,DPT104,137,31,22.6,12268.29
Neuromuscular,DPT526,146,33,22.6,11757.58
Allergy,DPT624,138,31,22.5,13083.33
Urinary,DPT845,138,31,22.5,14571.43
Endoscopy,DPT859,129,29,22.5,11500.0
Cardiovascular,DPT915,129,29,22.5,13540.54
Palliative,DPT237,129,29,22.5,15095.24
Autoimmune Disorders,DPT364,134,30,22.4,11256.41
Pediatrics,DPT520,147,33,22.4,13594.59
Reconstructive,DPT119,165,37,22.4,11577.78
Cardiovascular,DPT305,116,26,22.4,14250.0
Palliative,DPT418,174,39,22.4,11488.37
Reproductive - Male,DPT589,143,32,22.4,13882.35
Hematology,DPT589,161,36,22.4,13500.0
Oncology,DPT731,125,28,22.4,12676.47
Pediatrics,DPT742,116,26,22.4,13129.03
Oral,DPT110,121,27,22.3,12852.94
Hepatic,DPT369,121,27,22.3,13393.94
Endoscopy,DPT369,112,25,22.3,13555.56
Occupational Health,DPT110,130,29,22.3,11650.0
Renal,DPT859,139,31,22.3,13027.78
Otolaryngology,DPT337,139,31,22.3,12243.24
Psychiatric,DPT103,148,33,22.3,13204.08
Psychiatric,DPT337,117,26,22.2,12594.59
Oncology,DPT364,153,34,22.2,15150.0
Oncology,DPT104,135,30,22.2,10243.9
Neuromuscular,DPT742,145,32,22.1,13048.78
Hematology,DPT237,131,29,22.1,13894.74
Congenital,DPT223,149,33,22.1,11944.44
Neuromuscular,DPT217,145,32,22.1,14139.53
Endocrine,DPT681,149,33,22.1,13947.37
Sleep Disorders,DPT217,145,32,22.1,12510.64
Endoscopy,DPT103,131,29,22.1,11567.57
Dermatology,DPT678,136,30,22.1,12083.33
Preventive,DPT256,123,27,22.0,12115.38
Obstetrics,DPT418,132,29,22.0,11050.0
Infectious,DPT104,141,31,22.0,13578.95
Palliative,DPT364,123,27,22.0,12714.29
Endoscopy,DPT256,137,30,21.9,12692.31
Immunology,DPT412,128,28,21.9,13806.45
Occupational Health,DPT412,137,30,21.9,12066.67
Neurological,DPT913,137,30,21.9,11459.46
Cardiovascular,DPT845,146,32,21.9,11818.18
Sleep Disorders,DPT369,128,28,21.9,14619.05
Immunology,DPT681,137,30,21.9,12851.85
Psychiatric,DPT110,128,28,21.9,13702.7
Metabolic Disorders,DPT681,128,28,21.9,12028.57
Musculoskeletal,DPT364,147,32,21.8,14314.29
Cardiac Electrophysiology,DPT119,147,32,21.8,12604.65
Reproductive - Female,DPT119,133,29,21.8,13697.67
Pediatrics,DPT110,156,34,21.8,13645.83
Congenital,DPT520,156,34,21.8,13553.19
Pain Management,DPT678,129,28,21.7,15428.57
Pain Management,DPT305,106,23,21.7,13371.43
Renal,DPT103,152,33,21.7,13450.0
Otolaryngology,DPT731,138,30,21.7,15527.78
Metabolic Disorders,DPT337,138,30,21.7,9000.0
Musculoskeletal,DPT742,152,33,21.7,12567.57
Radiology,DPT103,152,33,21.7,13476.19
Oncology,DPT217,161,35,21.7,11909.09
Occupational Health,DPT859,134,29,21.6,14476.19
Metabolic Disorders,DPT256,162,35,21.6,10309.52
Obstetrics,DPT913,162,35,21.6,14360.0
Addiction,DPT794,139,30,21.6,14261.9
Reproductive - Female,DPT794,125,27,21.6,12809.52
Palliative,DPT520,162,35,21.6,14409.09
Toxicology,DPT237,116,25,21.6,12653.85
Addiction,DPT369,148,32,21.6,13878.79
Addiction,DPT589,153,33,21.6,13000.0
Ophthalmology,DPT412,121,26,21.5,14545.45
Preventive,DPT678,130,28,21.5,17617.65
Infectious,DPT223,144,31,21.5,11243.9
Reproductive - Female,DPT217,135,29,21.5,12621.62
Neuromuscular,DPT478,121,26,21.5,12465.12
Neuromuscular,DPT794,130,28,21.5,14333.33
Renal,DPT364,135,29,21.5,11542.86
Cardiac Electrophysiology,DPT412,107,23,21.5,12695.65
Congenital,DPT110,144,31,21.5,16829.27
Allergy,DPT802,135,29,21.5,13125.0
Ophthalmology,DPT217,154,33,21.4,13700.0
Urinary,DPT859,140,30,21.4,13324.32
Addiction,DPT110,154,33,21.4,12319.15
Immunology,DPT103,140,30,21.4,10685.71
Psychiatric,DPT624,140,30,21.4,11846.15
Urinary,DPT418,159,34,21.4,15217.39
Hepatic,DPT624,140,30,21.4,14350.0
Sleep Disorders,DPT104,131,28,21.4,10791.67
Endoscopy,DPT223,159,34,21.4,13558.14
Radiology,DPT913,131,28,21.4,11439.02
Cardiac Electrophysiology,DPT681,131,28,21.4,12307.69
Oral,DPT526,131,28,21.4,11935.48
Gastrointestinal,DPT103,131,28,21.4,10222.22
Sleep Disorders,DPT913,122,26,21.3,13000.0
Musculoskeletal,DPT794,150,32,21.3,15085.71
Occupational Health,DPT418,155,33,21.3,14795.45
Cardiovascular,DPT418,169,36,21.3,12326.92
Renal,DPT104,122,26,21.3,10486.49
Pediatrics,DPT845,136,29,21.3,10952.38
Endoscopy,DPT731,136,29,21.3,12500.0
Oral,DPT256,136,29,21.3,12088.89
Musculoskeletal,DPT526,113,24,21.2,12071.43
Trauma,DPT731,132,28,21.2,11724.14
Otolaryngology,DPT103,132,28,21.2,12175.0
Dermatology,DPT256,146,31,21.2,12714.29
Obstetrics,DPT589,132,28,21.2,14500.0
Hematology,DPT110,132,28,21.2,14718.75
Hematology,DPT678,161,34,21.1,11581.4
Addiction,DPT478,114,24,21.1,11512.82
Trauma,DPT223,128,27,21.1,10513.51
Trauma,DPT678,147,31,21.1,11375.0
Metabolic Disorders,DPT915,180,38,21.1,11042.55
Immunology,DPT119,152,32,21.1,12820.51
Radiology,DPT794,147,31,21.1,13275.0
Gastrointestinal,DPT902,161,34,21.1,11062.5
Reconstructive,DPT859,128,27,21.1,12833.33
Pediatrics,DPT731,128,27,21.1,13368.42
Addiction,DPT104,161,34,21.1,14222.22
Psychiatric,DPT305,124,26,21.0,11205.88
Palliative,DPT104,138,29,21.0,13200.0
Dermatology,DPT794,143,30,21.0,12627.91
Metabolic Disorders,DPT305,138,29,21.0,13375.0
Musculoskeletal,DPT119,167,35,21.0,12666.67
Musculoskeletal,DPT624,124,26,21.0,12681.82
Urinary,DPT624,138,29,21.0,12357.14
Addiction,DPT119,119,25,21.0,12138.89
Sleep Disorders,DPT418,157,33,21.0,14108.7
Radiology,DPT859,115,24,20.9,12500.0
Oral,DPT119,158,33,20.9,14828.57
Preventive,DPT337,129,27,20.9,15027.03
Pain Management,DPT103,134,28,20.9,13828.57
Palliative,DPT305,110,23,20.9,14117.65
Musculoskeletal,DPT845,153,32,20.9,14000.0
Autoimmune Disorders,DPT223,134,28,20.9,11948.72
Ophthalmology,DPT794,134,28,20.9,13457.14
Respiratory,DPT478,148,31,20.9,13866.67
Ophthalmology,DPT902,163,34,20.9,13816.33
Occupational Health,DPT217,148,31,20.9,12625.0
Ophthalmology,DPT103,129,27,20.9,14656.25
Oncology,DPT526,148,31,20.9,14777.78
Psychiatric,DPT217,153,32,20.9,13150.0
Obstetrics,DPT369,125,26,20.8,15730.77
Otolaryngology,DPT526,144,30,20.8,13527.78
Otolaryngology,DPT418,154,32,20.8,13250.0
Cardiac Electrophysiology,DPT256,144,30,20.8,11953.49
Respiratory,DPT681,130,27,20.8,11388.89
Immunology,DPT742,149,31,20.8,13000.0
Otolaryngology,DPT110,130,27,20.8,14270.83
Dermatology,DPT418,159,33,20.8,10558.14
Congenital,DPT731,120,25,20.8,11250.0
Radiology,DPT237,121,25,20.7,11033.33
Preventive,DPT104,150,31,20.7,11477.27
Trauma,DPT794,135,28,20.7,13724.14
Pain Management,DPT478,116,24,20.7,12243.24
Otolaryngology,DPT412,121,25,20.7,11857.14
Immunology,DPT364,135,28,20.7,12378.38
Palliative,DPT794,135,28,20.7,13600.0
Reproductive - Female,DPT902,140,29,20.7,14435.9
Ophthalmology,DPT237,140,29,20.7,12216.22
Renal,DPT902,140,29,20.7,14363.64
Hepatic,DPT681,140,29,20.7,13342.86
Metabolic Disorders,DPT913,145,30,20.7,16000.0
Allergy,DPT845,126,26,20.6,11060.61
Trauma,DPT418,160,33,20.6,12312.5
Trauma,DPT520,160,33,20.6,12055.56
Otolaryngology,DPT678,131,27,20.6,12380.95
Autoimmune Disorders,DPT731,131,27,20.6,12200.0
Trauma,DPT103,136,28,20.6,11761.9
Immunology,DPT589,155,32,20.6,12484.85
Palliative,DPT678,131,27,20.6,15805.56
Radiology,DPT589,175,36,20.6,12825.0
Toxicology,DPT520,155,32,20.6,12553.19
Cardiac Electrophysiology,DPT915,161,33,20.5,12619.05
Congenital,DPT794,127,26,20.5,13640.0
Reconstructive,DPT369,132,27,20.5,12107.14
Metabolic Disorders,DPT110,122,25,20.5,11307.69
Sleep Disorders,DPT110,122,25,20.5,10677.42
Allergy,DPT418,151,31,20.5,12333.33
Hepatic,DPT845,127,26,20.5,15321.43
Ophthalmology,DPT418,151,31,20.5,12102.56
Allergy,DPT915,156,32,20.5,12933.33
Congenital,DPT902,117,24,20.5,10464.29
Cardiac Electrophysiology,DPT794,127,26,20.5,16189.19
Reconstructive,DPT731,137,28,20.4,14578.95
Addiction,DPT520,147,30,20.4,12021.74
Respiratory,DPT589,152,31,20.4,11500.0
Reproductive - Male,DPT217,157,32,20.4,12789.47
Pediatrics,DPT478,108,22,20.4,14111.11
Psychiatric,DPT520,142,29,20.4,8842.11
Hematology,DPT478,113,23,20.4,11346.15
Neurological,DPT742,152,31,20.4,14558.14
Infectious,DPT624,157,32,20.4,12558.14
Psychiatric,DPT902,137,28,20.4,10500.0
Otolaryngology,DPT478,108,22,20.4,13483.87
Pediatrics,DPT902,152,31,20.4,15098.04
Preventive,DPT731,162,33,20.4,12979.17
Preventive,DPT478,103,21,20.4,10300.0
Toxicology,DPT223,142,29,20.4,12128.21
Reconstructive,DPT217,152,31,20.4,14627.45
Hematology,DPT256,167,34,20.4,11209.3
Oral,DPT412,118,24,20.3,13023.26
Musculoskeletal,DPT902,138,28,20.3,14090.91
Geriatrics,DPT237,128,26,20.3,11736.84
Cardiac Electrophysiology,DPT526,143,29,20.3,12826.09
Trauma,DPT337,118,24,20.3,11648.65
Reproductive - Female,DPT478,123,25,20.3,13447.37
Endocrine,DPT223,143,29,20.3,14404.26
Metabolic Disorders,DPT902,133,27,20.3,13171.43
Infectious,DPT369,128,26,20.3,14066.67
Musculoskeletal,DPT859,138,28,20.3,9875.0
Congenital,DPT915,158,32,20.3,15216.22
Addiction,DPT731,128,26,20.3,13781.25
Pediatrics,DPT418,143,29,20.3,14000.0
Trauma,DPT589,138,28,20.3,11487.18
Metabolic Disorders,DPT364,129,26,20.2,12870.97
Cardiac Electrophysiology,DPT478,119,24,20.2,14266.67
Allergy,DPT369,129,26,20.2,13285.71
Hematology,DPT223,124,25,20.2,13685.71
Urinary,DPT915,178,36,20.2,11200.0
Immunology,DPT794,124,25,20.2,12187.5
Neurological,DPT731,129,26,20.2,11447.37
Reconstructive,DPT478,104,21,20.2,12384.62
Allergy,DPT337,129,26,20.2,14586.21
Pediatrics,DPT337,129,26,20.2,12361.11
Radiology,DPT902,124,25,20.2,15268.29
Cardiovascular,DPT589,173,35,20.2,13830.19
Neurological,DPT915,163,33,20.2,12254.9
Pain Management,DPT104,129,26,20.2,15194.44
Neuromuscular,DPT678,134,27,20.1,12590.91
Reproductive - Male,DPT678,144,29,20.1,12343.75
Urinary,DPT103,154,31,20.1,13357.14
Geriatrics,DPT104,139,28,20.1,13500.0
Neuromuscular,DPT845,134,27,20.1,12629.63
Hematology,DPT802,134,27,20.1,14512.2
Gastrointestinal,DPT369,134,27,20.1,13645.83
Psychiatric,DPT678,159,32,20.1,12777.78
Psychiatric,DPT794,139,28,20.1,9804.88
Reproductive - Female,DPT110,134,27,20.1,12393.94
Musculoskeletal,DPT802,149,30,20.1,11756.76
Dermatology,DPT802,134,27,20.1,13111.11
Reproductive - Male,DPT526,164,33,20.1,12051.28
Immunology,DPT526,139,28,20.1,11600.0
Immunology,DPT913,120,24,20.0,12076.92
Endocrine,DPT412,120,24,20.0,15641.03
Infectious,DPT478,125,25,20.0,14535.71
Oncology,DPT478,115,23,20.0,13666.67
Allergy,DPT678,150,30,20.0,13125.0
Trauma,DPT681,125,25,20.0,14433.33
Palliative,DPT478,115,23,20.0,13400.0
Sleep Disorders,DPT103,160,32,20.0,12697.67
Radiology,DPT742,150,30,20.0,13711.11
Pain Management,DPT364,145,29,20.0,12142.86
Gastrointestinal,DPT526,145,29,20.0,12500.0
Immunology,DPT731,120,24,20.0,12657.89
Geriatrics,DPT915,160,32,20.0,11818.18
Sleep Disorders,DPT902,130,26,20.0,9931.03
Toxicology,DPT364,140,28,20.0,11342.86
Psychiatric,DPT859,120,24,20.0,13222.22
Sleep Disorders,DPT119,135,27,20.0,14024.39
Dermatology,DPT742,150,30,20.0,14350.0
Trauma,DPT217,166,33,19.9,12613.64
Ophthalmology,DPT915,156,31,19.9,10340.91
Otolaryngology,DPT119,136,27,19.9,13939.39
Radiology,DPT915,161,32,19.9,12708.33
Reconstructive,DPT915,156,31,19.9,12825.0
Trauma,DPT913,151,30,19.9,10926.83
Oral,DPT104,141,28,19.9,12363.64
Congenital,DPT104,136,27,19.9,12194.44
Preventive,DPT526,126,25,19.8,13611.11
Trauma,DPT802,126,25,19.8,13032.26
Oncology,DPT802,116,23,19.8,12843.75
Infectious,DPT742,131,26,19.8,12055.56
Infectious,DPT526,121,24,19.8,11466.67
Pain Management,DPT624,126,25,19.8,14615.38
Allergy,DPT237,131,26,19.8,11774.19
Toxicology,DPT337,121,24,19.8,13472.22
Reproductive - Female,DPT681,111,22,19.8,16125.0
Congenital,DPT412,131,26,19.8,14060.61
Respiratory,DPT412,101,20,19.8,11764.71
Pain Management,DPT337,142,28,19.7,13413.79
Allergy,DPT305,137,27,19.7,13750.0
Preventive,DPT859,127,25,19.7,14000.0
Urinary,DPT217,157,31,19.7,13846.15
Obstetrics,DPT110,132,26,19.7,12487.18
Metabolic Disorders,DPT520,142,28,19.7,12914.29
Hematology,DPT337,142,28,19.7,15400.0
Psychiatric,DPT742,132,26,19.7,13708.33
Allergy,DPT681,117,23,19.7,11176.47
Sleep Disorders,DPT305,142,28,19.7,15750.0
Endocrine,DPT859,132,26,19.7,12384.62
Obstetrics,DPT103,152,30,19.7,11441.18
Dermatology,DPT526,157,31,19.7,12571.43
Trauma,DPT915,122,24,19.7,9533.33
Urinary,DPT681,137,27,19.7,14523.81
Occupational Health,DPT913,142,28,19.7,13630.43
Hepatic,DPT794,142,28,19.7,12870.97
Pain Management,DPT681,122,24,19.7,14909.09
Respiratory,DPT256,147,29,19.7,12232.56
Neuromuscular,DPT802,137,27,19.7,15121.21
Oncology,DPT681,132,26,19.7,14520.0
Reproductive - Female,DPT589,157,31,19.7,13666.67
Ophthalmology,DPT119,132,26,19.7,10447.37
Congenital,DPT624,137,27,19.7,13634.15
Otolaryngology,DPT223,127,25,19.7,12485.71
Addiction,DPT256,147,29,19.7,12322.58
Immunology,DPT859,138,27,19.6,10685.71
Reproductive - Male,DPT742,138,27,19.6,12295.45
Hepatic,DPT412,112,22,19.6,11909.09
Psychiatric,DPT237,138,27,19.6,13230.77
Neurological,DPT223,148,29,19.6,15000.0
Obstetrics,DPT217,168,33,19.6,12681.82
Reproductive - Female,DPT103,138,27,19.6,14857.14
Allergy,DPT223,143,28,19.6,10450.0
Neuromuscular,DPT589,143,28,19.6,12520.0
Radiology,DPT110,138,27,19.6,11411.76
Preventive,DPT110,148,29,19.6,10780.49
Otolaryngology,DPT237,102,20,19.6,11653.85
Infectious,DPT412,138,27,19.6,12567.57
Reconstructive,DPT742,128,25,19.5,12818.18
Neurological,DPT478,123,24,19.5,12666.67
Reconstructive,DPT305,128,25,19.5,12552.63
Sleep Disorders,DPT681,123,24,19.5,11500.0
Neurological,DPT418,149,29,19.5,12562.5
Radiology,DPT256,159,31,19.5,13692.31
Reproductive - Male,DPT915,164,32,19.5,13592.59
Trauma,DPT256,149,29,19.5,12133.33
Geriatrics,DPT678,123,24,19.5,13225.81
Urinary,DPT256,154,30,19.5,14974.36
Musculoskeletal,DPT223,149,29,19.5,12578.95
Pain Management,DPT412,128,25,19.5,11250.0
Renal,DPT478,133,26,19.5,13452.38
Neuromuscular,DPT369,144,28,19.4,13828.57
Metabolic Disorders,DPT731,139,27,19.4,15257.14
Reproductive - Male,DPT902,139,27,19.4,14388.89
Reproductive - Female,DPT237,144,28,19.4,10813.95
Reproductive - Female,DPT337,134,26,19.4,11913.04
Addiction,DPT337,124,24,19.4,14275.86
Addiction,DPT742,124,24,19.4,13896.55
Neuromuscular,DPT364,129,25,19.4,12666.67
Dermatology,DPT915,155,30,19.4,13090.91
Addiction,DPT859,139,27,19.4,14969.7
Toxicology,DPT742,139,27,19.4,10361.11
Respiratory,DPT902,160,31,19.4,14000.0
Addiction,DPT802,139,27,19.4,12809.52
Oral,DPT103,144,28,19.4,10157.89
Obstetrics,DPT223,134,26,19.4,13022.22
Cardiovascular,DPT859,144,28,19.4,12454.55
Palliative,DPT256,144,28,19.4,15444.44
Geriatrics,DPT802,129,25,19.4,12700.0
Endocrine,DPT337,134,26,19.4,12325.0
Infectious,DPT337,139,27,19.4,12195.65
Obstetrics,DPT742,139,27,19.4,13421.05
Geriatrics,DPT742,160,31,19.4,10138.89
Pain Management,DPT223,150,29,19.3,14302.33
Preventive,DPT742,119,23,19.3,10884.62
Oral,DPT742,145,28,19.3,13655.17
Autoimmune Disorders,DPT681,135,26,19.3,13179.49
Gastrointestinal,DPT256,140,27,19.3,14682.93
Occupational Health,DPT589,150,29,19.3,12456.52
Oral,DPT520,166,32,19.3,10736.84
Endocrine,DPT217,161,31,19.3,10644.44
Ophthalmology,DPT305,150,29,19.3,13744.68
Dermatology,DPT913,140,27,19.3,14222.22
Cardiovascular,DPT223,145,28,19.3,16206.9
Psychiatric,DPT364,135,26,19.3,13600.0
Dermatology,DPT859,135,26,19.3,12410.26
Cardiovascular,DPT256,177,34,19.2,13826.09
Endocrine,DPT364,146,28,19.2,11256.41
Preventive,DPT305,125,24,19.2,13236.84
Occupational Health,DPT742,146,28,19.2,13837.21
Endocrine,DPT418,151,29,19.2,12025.0
Radiology,DPT305,125,24,19.2,16357.14
Hepatic,DPT589,172,33,19.2,14280.0
Sleep Disorders,DPT520,167,32,19.2,14232.56
Endocrine,DPT103,146,28,19.2,13738.1
Oral,DPT678,146,28,19.2,11046.51
Gastrointestinal,DPT520,156,30,19.2,13351.35
Cardiac Electrophysiology,DPT913,130,25,19.2,12843.75
Autoimmune Disorders,DPT678,151,29,19.2,12632.65
Hepatic,DPT119,146,28,19.2,11117.65
Urinary,DPT902,152,29,19.1,13605.26
Hepatic,DPT742,141,27,19.1,13457.14
Dermatology,DPT110,131,25,19.1,15028.57
Infectious,DPT119,152,29,19.1,12270.27
Preventive,DPT845,115,22,19.1,12486.49
Reproductive - Female,DPT802,141,27,19.1,13176.47
Reproductive - Female,DPT678,131,25,19.1,13000.0
Hematology,DPT369,136,26,19.1,13372.09
Oral,DPT845,136,26,19.1,12945.95
Obstetrics,DPT526,141,27,19.1,12583.33
Cardiac Electrophysiology,DPT624,136,26,19.1,12314.29
Oncology,DPT103,141,27,19.1,11260.87
Oncology,DPT119,131,25,19.1,13266.67
Obstetrics,DPT845,136,26,19.1,12852.94
Reproductive - Male,DPT256,141,27,19.1,14378.38
Cardiovascular,DPT520,152,29,19.1,14818.18
Urinary,DPT237,100,19,19.0,16700.0
Infectious,DPT794,142,27,19.0,11600.0
Radiology,DPT418,147,28,19.0,12227.27
Autoimmune Disorders,DPT794,158,30,19.0,12090.91
Radiology,DPT624,142,27,19.0,11857.14
Renal,DPT794,116,22,19.0,13121.21
Obstetrics,DPT902,147,28,19.0,14783.78
Allergy,DPT104,121,23,19.0,13944.44
Geriatrics,DPT681,137,26,19.0,11545.45
Palliative,DPT913,105,20,19.0,16263.16
Renal,DPT845,142,27,19.0,13585.37
Toxicology,DPT915,158,30,19.0,13837.21
Otolaryngology,DPT681,116,22,19.0,15629.63
Reproductive - Male,DPT103,142,27,19.0,12851.85
Radiology,DPT678,158,30,19.0,14148.15
Cardiac Electrophysiology,DPT223,153,29,19.0,14057.14
Metabolic Disorders,DPT217,142,27,19.0,12612.9
Cardiovascular,DPT412,137,26,19.0,12923.08
Respiratory,DPT364,142,27,19.0,14575.0
Occupational Health,DPT681,106,20,18.9,12233.33
Hepatic,DPT237,132,25,18.9,13593.75
Ophthalmology,DPT589,164,31,18.9,13395.35
Musculoskeletal,DPT104,132,25,18.9,12700.0
Endoscopy,DPT794,122,23,18.9,14176.47
Toxicology,DPT845,148,28,18.9,11868.42
Reproductive - Male,DPT337,164,31,18.9,11022.73
Endoscopy,DPT520,143,27,18.9,12333.33
Immunology,DPT520,148,28,18.9,14405.41
Occupational Health,DPT794,143,27,18.9,13025.64
Sleep Disorders,DPT364,127,24,18.9,15060.61
Hematology,DPT794,148,28,18.9,15488.37
Allergy,DPT589,159,30,18.9,13295.45
Reproductive - Female,DPT913,122,23,18.9,12666.67
Respiratory,DPT110,138,26,18.8,10297.3
Immunology,DPT802,128,24,18.8,13656.25
Pain Management,DPT520,149,28,18.8,13723.4
Gastrointestinal,DPT794,133,25,18.8,12000.0
Renal,DPT913,138,26,18.8,14750.0
Neuromuscular,DPT915,154,29,18.8,15515.15
Oral,DPT731,128,24,18.8,14833.33
Pediatrics,DPT681,138,26,18.8,14022.22
Metabolic Disorders,DPT119,144,27,18.8,13636.36
Preventive,DPT794,112,21,18.8,14437.5
Gastrointestinal,DPT678,133,25,18.8,14418.6
Pain Management,DPT256,144,27,18.8,16575.0
Infectious,DPT731,138,26,18.8,14405.41
Trauma,DPT364,138,26,18.8,12787.88
Endocrine,DPT119,133,25,18.8,12526.32
Neuromuscular,DPT337,107,20,18.7,12709.68
Infectious,DPT678,123,23,18.7,11461.54
Hematology,DPT103,139,26,18.7,11577.78
Neurological,DPT237,123,23,18.7,13846.15
Cardiac Electrophysiology,DPT337,134,25,18.7,14317.07
Cardiac Electrophysiology,DPT859,150,28,18.7,11972.22
Neurological,DPT305,123,23,18.7,13133.33
Oncology,DPT337,123,23,18.7,13785.71
Cardiac Electrophysiology,DPT237,134,25,18.7,14419.35
Cardiovascular,DPT369,139,26,18.7,13550.0
Occupational Health,DPT678,139,26,18.7,12928.57
Autoimmune Disorders,DPT845,134,25,18.7,12370.37
Musculoskeletal,DPT520,171,32,18.7,10595.74
Endocrine,DPT731,166,31,18.7,12024.39
Psychiatric,DPT589,156,29,18.6,14687.5
Gastrointestinal,DPT119,156,29,18.6,13105.26
Respiratory,DPT217,140,26,18.6,13272.73
Urinary,DPT913,129,24,18.6,12171.43
Neurological,DPT110,129,24,18.6,11250.0
Ophthalmology,DPT859,140,26,18.6,11181.82
Gastrointestinal,DPT104,129,24,18.6,15314.29
Obstetrics,DPT412,119,22,18.5,11361.11
Oncology,DPT902,119,22,18.5,13068.97
Renal,DPT731,124,23,18.5,11703.7
Ophthalmology,DPT256,151,28,18.5,13285.71
Pain Management,DPT915,162,30,18.5,10564.1
Immunology,DPT369,135,25,18.5,15840.0
Endoscopy,DPT418,168,31,18.5,12574.47
Infectious,DPT256,130,24,18.5,11133.33
Hematology,DPT305,124,23,18.5,13250.0
Preventive,DPT589,146,27,18.5,11387.1
Endocrine,DPT678,135,25,18.5,12275.0
Urinary,DPT678,146,27,18.5,12239.13
Hematology,DPT859,146,27,18.5,12097.56
Hematology,DPT119,130,24,18.5,11241.38
Cardiac Electrophysiology,DPT742,135,25,18.5,14894.74
Addiction,DPT103,135,25,18.5,13684.21
Ophthalmology,DPT369,114,21,18.4,14750.0
Congenital,DPT305,125,23,18.4,17406.25
Ophthalmology,DPT337,114,21,18.4,12771.43
Immunology,DPT478,125,23,18.4,11161.29
Preventive,DPT223,141,26,18.4,11055.56
Preventive,DPT369,125,23,18.4,13189.19
Reproductive - Female,DPT526,141,26,18.4,11000.0
Ophthalmology,DPT526,125,23,18.4,14896.55
Musculoskeletal,DPT681,114,21,18.4,13657.14
Reproductive - Male,DPT845,147,27,18.4,11631.58
Respiratory,DPT731,147,27,18.4,11476.19
Preventive,DPT412,120,22,18.3,13937.5
Endocrine,DPT369,120,22,18.3,13642.86
Reconstructive,DPT104,126,23,18.3,13187.5
Obstetrics,DPT520,164,30,18.3,11765.96
Infectious,DPT913,104,19,18.3,9950.0
Gastrointestinal,DPT217,153,28,18.3,14850.0
Endoscopy,DPT526,131,24,18.3,11392.86
Geriatrics,DPT217,153,28,18.3,11645.16
Cardiovascular,DPT802,126,23,18.3,13606.06
Metabolic Disorders,DPT478,109,20,18.3,11703.7
Endocrine,DPT237,131,24,18.3,12562.5
Sleep Disorders,DPT794,137,25,18.2,16085.71
Reproductive - Female,DPT859,110,20,18.2,14870.97
Trauma,DPT110,121,22,18.2,18344.83
Otolaryngology,DPT794,165,30,18.2,12346.94
Congenital,DPT678,143,26,18.2,12419.35
Pediatrics,DPT103,132,24,18.2,11400.0
Musculoskeletal,DPT110,137,25,18.2,13842.11
Oral,DPT859,137,25,18.2,12048.78
Occupational Health,DPT526,154,28,18.2,15875.0
Congenital,DPT237,137,25,18.2,11974.36
Reproductive - Female,DPT256,143,26,18.2,13170.73
Urinary,DPT589,143,26,18.2,15948.72
Urinary,DPT520,159,29,18.2,12236.84
Toxicology,DPT217,132,24,18.2,12000.0
Otolaryngology,DPT305,138,25,18.1,12775.0
Reconstructive,DPT845,155,28,18.1,14428.57
Preventive,DPT418,177,32,18.1,11725.0
Oncology,DPT859,138,25,18.1,13447.37
Occupational Health,DPT103,155,28,18.1,13468.09
Infectious,DPT859,138,25,18.1,11600.0
Cardiac Electrophysiology,DPT364,144,26,18.1,12486.49
Otolaryngology,DPT742,138,25,18.1,13052.63
Obstetrics,DPT237,138,25,18.1,10676.47
Oral,DPT364,149,27,18.1,9687.5
Renal,DPT589,144,26,18.1,12131.58
Hematology,DPT624,144,26,18.1,13825.0
Endocrine,DPT845,133,24,18.0,13375.0
Metabolic Disorders,DPT678,128,23,18.0,13303.03
Reproductive - Female,DPT915,167,30,18.0,12058.82
Hepatic,DPT526,150,27,18.0,11210.53
Palliative,DPT526,139,25,18.0,13000.0
Obstetrics,DPT337,122,22,18.0,16800.0
Geriatrics,DPT369,128,23,18.0,13525.0
Reconstructive,DPT364,139,25,18.0,15263.16
Neuromuscular,DPT103,122,22,18.0,11289.47
Hepatic,DPT913,128,23,18.0,13292.68
Occupational Health,DPT337,128,23,18.0,13941.18
Radiology,DPT478,133,24,18.0,12461.54
Renal,DPT742,133,24,18.0,11789.47
Immunology,DPT217,139,25,18.0,14750.0
Toxicology,DPT794,128,23,18.0,13900.0
Endoscopy,DPT845,140,25,17.9,13945.95
Urinary,DPT412,112,20,17.9,9923.08
Geriatrics,DPT418,168,30,17.9,14714.29
Radiology,DPT119,151,27,17.9,14677.42
Reproductive - Male,DPT369,140,25,17.9,15939.39
Allergy,DPT478,134,24,17.9,13200.0
Neuromuscular,DPT624,145,26,17.9,13175.0
Toxicology,DPT110,117,21,17.9,15000.0
Geriatrics,DPT119,151,27,17.9,10800.0
Respiratory,DPT915,151,27,17.9,12142.86
Neuromuscular,DPT913,134,24,17.9,13343.75
Allergy,DPT256,156,28,17.9,15090.91
Neurological,DPT794,134,24,17.9,15142.86
Geriatrics,DPT589,156,28,17.9,11080.0
Pediatrics,DPT624,134,24,17.9,11593.75
Urinary,DPT526,117,21,17.9,12548.39
Toxicology,DPT589,184,33,17.9,9764.71
Reproductive - Male,DPT478,117,21,17.9,12800.0
Neurological,DPT104,134,24,17.9,12000.0
Oral,DPT305,129,23,17.8,14000.0
Reconstructive,DPT237,101,18,17.8,12459.46
Cardiac Electrophysiology,DPT520,169,30,17.8,11519.23
Addiction,DPT678,135,24,17.8,13638.89
Geriatrics,DPT845,163,29,17.8,14000.0
Reproductive - Male,DPT913,118,21,17.8,12000.0
Gastrointestinal,DPT915,157,28,17.8,10953.49
Reproductive - Male,DPT104,135,24,17.8,13066.67
Endocrine,DPT624,146,26,17.8,13058.82
Preventive,DPT119,157,28,17.8,11877.55
Metabolic Disorders,DPT412,118,21,17.8,14758.62
Reproductive - Male,DPT681,129,23,17.8,11682.93
Renal,DPT624,141,25,17.7,13179.49
Metabolic Disorders,DPT418,158,28,17.7,11500.0
Hepatic,DPT364,130,23,17.7,13073.17
Psychiatric,DPT681,124,22,17.7,16071.43
Dermatology,DPT478,124,22,17.7,11628.57
Endoscopy,DPT337,158,28,17.7,11674.42
Endoscopy,DPT478,113,20,17.7,12730.77
Cardiovascular,DPT902,130,23,17.7,12974.36
Urinary,DPT305,130,23,17.7,12222.22
Immunology,DPT110,142,25,17.6,12200.0
Urinary,DPT794,131,23,17.6,15083.33
Obstetrics,DPT915,165,29,17.6,11333.33
Congenital,DPT681,125,22,17.6,13085.71
Occupational Health,DPT802,142,25,17.6,12947.37
Urinary,DPT369,136,24,17.6,14357.14
Urinary,DPT364,148,26,17.6,13439.02
Metabolic Disorders,DPT369,119,21,17.6,13250.0
Allergy,DPT526,148,26,17.6,12973.68
Radiology,DPT412,119,21,17.6,12634.15
Ophthalmology,DPT681,125,22,17.6,11300.0
Neuromuscular,DPT418,125,22,17.6,11575.76
Oncology,DPT110,131,23,17.6,13515.15
Respiratory,DPT337,125,22,17.6,13533.33
Pain Management,DPT369,143,25,17.5,11461.54
Musculoskeletal,DPT589,154,27,17.5,10871.79
Reproductive - Female,DPT223,137,24,17.5,14050.0
Renal,DPT256,143,25,17.5,13163.27
Toxicology,DPT678,120,21,17.5,11285.71
Addiction,DPT902,143,25,17.5,13200.0
Neurological,DPT217,154,27,17.5,12333.33
Oral,DPT802,143,25,17.5,13636.36
Palliative,DPT731,160,28,17.5,11538.46
Immunology,DPT237,103,18,17.5,11807.69
Dermatology,DPT845,114,20,17.5,13333.33
Pediatrics,DPT859,137,24,17.5,16709.68
Autoimmune Disorders,DPT902,154,27,17.5,14097.56
Sleep Disorders,DPT237,120,21,17.5,15200.0
Reconstructive,DPT913,137,24,17.5,12431.82
Infectious,DPT103,143,25,17.5,11405.41
Dermatology,DPT589,161,28,17.4,13921.57
Cardiovascular,DPT217,155,27,17.4,10333.33
Preventive,DPT802,132,23,17.4,13361.11
Ophthalmology,DPT678,155,27,17.4,13939.39
Obstetrics,DPT859,155,27,17.4,10789.47
Allergy,DPT742,144,25,17.4,12170.21
Neuromuscular,DPT110,144,25,17.4,12026.32
Respiratory,DPT742,138,24,17.4,14051.28
Respiratory,DPT678,132,23,17.4,13457.14
Gastrointestinal,DPT478,144,25,17.4,13282.05
Oncology,DPT369,144,25,17.4,13977.78
Allergy,DPT859,138,24,17.4,10968.75
Oral,DPT337,121,21,17.4,13314.29
Renal,DPT915,149,26,17.4,14828.57
Immunology,DPT678,132,23,17.4,14617.65
Occupational Health,DPT915,156,27,17.3,13857.14
Immunology,DPT337,133,23,17.3,13031.25
Reproductive - Female,DPT104,110,19,17.3,14133.33
Trauma,DPT845,133,23,17.3,11054.05
Reproductive - Female,DPT845,133,23,17.3,11500.0
Sleep Disorders,DPT589,168,29,17.3,12632.65
Autoimmune Disorders,DPT217,150,26,17.3,11326.09
Infectious,DPT110,127,22,17.3,13547.62
Metabolic Disorders,DPT742,139,24,17.3,13571.43
Geriatrics,DPT103,127,22,17.3,10225.0
Pediatrics,DPT412,133,23,17.3,15000.0
Neuromuscular,DPT902,139,24,17.3,11055.56
Sleep Disorders,DPT478,110,19,17.3,12057.14
Addiction,DPT915,150,26,17.3,13324.32
Reconstructive,DPT256,127,22,17.3,13315.79
Renal,DPT412,104,18,17.3,15714.29
Radiology,DPT520,145,25,17.2,14526.32
Congenital,DPT256,145,25,17.2,13000.0
Ophthalmology,DPT478,116,20,17.2,15942.86
Geriatrics,DPT859,122,21,17.2,10937.5
Congenital,DPT119,134,23,17.2,14558.82
Hepatic,DPT915,145,25,17.2,15054.05
Occupational Health,DPT256,145,25,17.2,11656.25
Gastrointestinal,DPT913,116,20,17.2,14100.0
Autoimmune Disorders,DPT624,122,21,17.2,15523.81
Endocrine,DPT104,151,26,17.2,15606.06
Immunology,DPT915,157,27,17.2,14075.0
Infectious,DPT237,157,27,17.2,11625.0
Reproductive - Male,DPT418,151,26,17.2,10682.93
Gastrointestinal,DPT364,140,24,17.1,14303.03
Renal,DPT237,152,26,17.1,12023.81
Oral,DPT794,117,20,17.1,14529.41
Dermatology,DPT305,123,21,17.1,14272.73
Endoscopy,DPT237,123,21,17.1,12133.33
Urinary,DPT223,129,22,17.1,12727.27
Neuromuscular,DPT256,146,25,17.1,13282.05
Gastrointestinal,DPT305,105,18,17.1,13600.0
Reproductive - Male,DPT731,152,26,17.1,11750.0
Ophthalmology,DPT731,129,22,17.1,13485.71
Palliative,DPT915,146,25,17.1,12666.67
Psychiatric,DPT802,140,24,17.1,13647.06
Ophthalmology,DPT110,129,22,17.1,12885.71
Cardiovascular,DPT731,140,24,17.1,14170.73
Pain Management,DPT802,117,20,17.1,12593.75
Hematology,DPT418,170,29,17.1,12812.5
Infectious,DPT217,153,26,17.0,13500.0
Renal,DPT678,141,24,17.0,10823.53
Allergy,DPT412,112,19,17.0,8333.33
Radiology,DPT217,176,30,17.0,12177.78
Autoimmune Disorders,DPT742,141,24,17.0,11783.78
Occupational Health,DPT305,112,19,17.0,10121.21
Gastrointestinal,DPT223,135,23,17.0,12515.15
Cardiovascular,DPT364,153,26,17.0,13061.22
Metabolic Disorders,DPT103,135,23,17.0,10727.27
Immunology,DPT902,141,24,17.0,13534.88
Obstetrics,DPT256,147,25,17.0,12600.0
Cardiac Electrophysiology,DPT678,147,25,17.0,13037.74
Sleep Disorders,DPT223,135,23,17.0,13363.64
Gastrointestinal,DPT681,135,23,17.0,10809.52
Otolaryngology,DPT802,135,23,17.0,13062.5
Dermatology,DPT369,100,17,17.0,14062.5
Ophthalmology,DPT223,130,22,16.9,12892.86
Hematology,DPT913,124,21,16.9,11666.67
Dermatology,DPT223,148,25,16.9,11909.09
Pediatrics,DPT119,130,22,16.9,15972.97
Pain Management,DPT418,160,27,16.9,15948.72
Oncology,DPT913,130,22,16.9,12833.33
Endocrine,DPT478,130,22,16.9,11666.67
Urinary,DPT742,154,26,16.9,12219.51
Reconstructive,DPT520,130,22,16.9,14388.89
Reproductive - Female,DPT520,142,24,16.9,12388.89
Occupational Health,DPT902,142,24,16.9,12520.0
Otolaryngology,DPT913,130,22,16.9,13189.19
Trauma,DPT742,142,24,16.9,11525.0
Cardiac Electrophysiology,DPT902,161,27,16.8,14673.91
Occupational Health,DPT478,131,22,16.8,13153.85
Renal,DPT526,137,23,16.8,11736.84
Reproductive - Female,DPT364,137,23,16.8,12387.1
Neurological,DPT119,161,27,16.8,12300.0
Reproductive - Male,DPT364,143,24,16.8,13000.0
Endoscopy,DPT104,155,26,16.8,15083.33
Oral,DPT589,155,26,16.8,15066.67
Allergy,DPT902,137,23,16.8,11813.95
Congenital,DPT589,161,27,16.8,12976.74
Hepatic,DPT678,131,22,16.8,11000.0
Infectious,DPT589,155,26,16.8,15600.0
Psychiatric,DPT731,125,21,16.8,14750.0
Cardiovascular,DPT337,125,21,16.8,12729.17
Reproductive - Female,DPT624,119,20,16.8,12827.59
Geriatrics,DPT223,138,23,16.7,16631.58
Cardiovascular,DPT103,144,24,16.7,14368.42
Renal,DPT802,138,23,16.7,9707.32
Oncology,DPT794,144,24,16.7,13804.35
Renal,DPT418,168,28,16.7,14113.64
Psychiatric,DPT369,120,20,16.7,10212.12
Musculoskeletal,DPT418,156,26,16.7,13333.33
Occupational Health,DPT731,126,21,16.7,13689.66
Cardiovascular,DPT678,144,24,16.7,13378.38
Otolaryngology,DPT256,138,23,16.7,13816.33
Autoimmune Disorders,DPT412,114,19,16.7,11129.03
Cardiovascular,DPT742,150,25,16.7,13222.22
Autoimmune Disorders,DPT915,150,25,16.7,10700.0
Renal,DPT520,174,29,16.7,12162.79
Allergy,DPT794,138,23,16.7,12051.28
Pain Management,DPT526,126,21,16.7,13172.41
Oncology,DPT237,126,21,16.7,12421.05
Pain Management,DPT859,144,24,16.7,9864.86
Toxicology,DPT681,114,19,16.7,14875.0
Hepatic,DPT104,145,24,16.6,11857.14
Oral,DPT217,163,27,16.6,14804.88
Trauma,DPT859,151,25,16.6,12425.53
Neuromuscular,DPT520,151,25,16.6,12242.42
Pediatrics,DPT256,163,27,16.6,13931.82
Respiratory,DPT223,145,24,16.6,12342.86
Reproductive - Male,DPT119,158,26,16.5,10447.37
Reproductive - Male,DPT110,139,23,16.5,13677.42
Palliative,DPT681,127,21,16.5,12179.49
Hepatic,DPT103,133,22,16.5,13200.0
Metabolic Disorders,DPT794,139,23,16.5,12837.21
Oncology,DPT305,133,22,16.5,15324.32
Sleep Disorders,DPT742,127,21,16.5,13410.26
Respiratory,DPT624,127,21,16.5,14470.59
Musculoskeletal,DPT217,170,28,16.5,14456.52
Congenital,DPT369,121,20,16.5,13617.65
Addiction,DPT412,127,21,16.5,14605.26
Toxicology,DPT478,109,18,16.5,12148.15
Obstetrics,DPT802,121,20,16.5,12611.11
Urinary,DPT802,139,23,16.5,13590.91
Cardiac Electrophysiology,DPT103,139,23,16.5,12538.46
Palliative,DPT337,116,19,16.4,10774.19
Allergy,DPT731,140,23,16.4,14763.16
Geriatrics,DPT913,122,20,16.4,10628.57
Renal,DPT119,146,24,16.4,11947.37
Obstetrics,DPT794,140,23,16.4,13487.18
Palliative,DPT103,128,21,16.4,13028.57
Autoimmune Disorders,DPT119,140,23,16.4,12909.09
Respiratory,DPT526,152,25,16.4,14844.44
Neurological,DPT520,159,26,16.4,12406.25
Psychiatric,DPT915,159,26,16.4,10204.08
Preventive,DPT103,146,24,16.4,12948.72
Hematology,DPT412,129,21,16.3,14575.76
Geriatrics,DPT731,141,23,16.3,13810.81
Sleep Disorders,DPT802,129,21,16.3,13114.29
Infectious,DPT802,135,22,16.3,12522.73
Cardiovascular,DPT110,123,20,16.3,12333.33
Oral,DPT913,123,20,16.3,12200.0
Oncology,DPT418,153,25,16.3,13564.1
Endoscopy,DPT913,135,22,16.3,13270.27
Neuromuscular,DPT412,129,21,16.3,11615.38
Hepatic,DPT305,123,20,16.3,11964.29
Trauma,DPT119,141,23,16.3,11300.0
Neurological,DPT256,135,22,16.3,11428.57
Hematology,DPT526,123,20,16.3,13939.39
Infectious,DPT845,129,21,16.3,13166.67
Allergy,DPT217,153,25,16.3,13702.7
Gastrointestinal,DPT237,142,23,16.2,12162.79
Reproductive - Female,DPT369,136,22,16.2,15419.35
Radiology,DPT526,136,22,16.2,14314.29
Addiction,DPT217,167,27,16.2,16342.86
Neuromuscular,DPT223,111,18,16.2,12785.71
Respiratory,DPT794,130,21,16.2,14638.89
Autoimmune Disorders,DPT103,148,24,16.2,15027.78
Dermatology,DPT520,154,25,16.2,12200.0
Endoscopy,DPT364,117,19,16.2,12645.16
Musculoskeletal,DPT913,130,21,16.2,14200.0
Dermatology,DPT119,136,22,16.2,12404.76
Urinary,DPT119,148,24,16.2,12574.47
Respiratory,DPT104,142,23,16.2,12388.89
Renal,DPT110,143,23,16.1,12256.41
Cardiovascular,DPT526,143,23,16.1,13648.65
Radiology,DPT802,137,22,16.1,15486.49
Geriatrics,DPT364,124,20,16.1,11645.16
Addiction,DPT223,155,25,16.1,10121.21
Hematology,DPT217,137,22,16.1,11382.35
Metabolic Disorders,DPT223,143,23,16.1,12757.58
Preventive,DPT913,149,24,16.1,15439.02
Reproductive - Male,DPT859,149,24,16.1,11500.0
Reproductive - Male,DPT412,112,18,16.1,12535.71
Geriatrics,DPT794,137,22,16.1,11214.29
Toxicology,DPT731,124,20,16.1,14000.0
Reconstructive,DPT802,137,22,16.1,13906.25
Dermatology,DPT103,143,23,16.1,13512.2
Neuromuscular,DPT681,118,19,16.1,15133.33
Reproductive - Female,DPT742,162,26,16.0,12589.74
Pediatrics,DPT802,119,19,16.0,14702.7
Reconstructive,DPT223,131,21,16.0,11848.48
Endoscopy,DPT412,106,17,16.0,12464.29
Sleep Disorders,DPT624,144,23,16.0,13638.89
Cardiac Electrophysiology,DPT418,156,25,16.0,11431.82
Allergy,DPT364,131,21,16.0,11312.5
Musculoskeletal,DPT369,119,19,16.0,13583.33
Congenital,DPT337,156,25,16.0,14021.74
Autoimmune Disorders,DPT256,125,20,16.0,10566.67
Respiratory,DPT305,125,20,16.0,12606.06
Dermatology,DPT104,132,21,15.9,14511.63
Respiratory,DPT369,126,20,15.9,15195.12
Hematology,DPT681,107,17,15.9,12071.43
Oral,DPT681,113,18,15.9,12444.44
Hepatic,DPT337,126,20,15.9,11482.76
Otolaryngology,DPT217,138,22,15.9,12125.0
Infectious,DPT902,132,21,15.9,12558.14
Cardiovascular,DPT794,132,21,15.9,11368.42
Urinary,DPT110,157,25,15.9,11976.74
Geriatrics,DPT256,157,25,15.9,12583.33
Gastrointestinal,DPT731,151,24,15.9,10681.82
Pain Management,DPT217,157,25,15.9,13744.19
Palliative,DPT624,146,23,15.8,14307.69
Renal,DPT305,133,21,15.8,12235.29
Toxicology,DPT369,139,22,15.8,14000.0
Otolaryngology,DPT520,133,21,15.8,12235.29
Allergy,DPT110,133,21,15.8,11114.29
Obstetrics,DPT305,121,19,15.7,14560.98
Toxicology,DPT624,121,19,15.7,12861.11
Neuromuscular,DPT119,140,22,15.7,12500.0
Infectious,DPT305,127,20,15.7,10677.42
Pediatrics,DPT104,134,21,15.7,11971.43
Otolaryngology,DPT104,134,21,15.7,12875.0
Musculoskeletal,DPT412,127,20,15.7,12740.74
Sleep Disorders,DPT859,134,21,15.7,12218.75
Pain Management,DPT110,135,21,15.6,12636.36
Cardiovascular,DPT478,109,17,15.6,10333.33
Toxicology,DPT305,109,17,15.6,12200.0
Addiction,DPT681,135,21,15.6,13437.5
Neurological,DPT103,135,21,15.6,13648.65
Neurological,DPT364,141,22,15.6,13219.51
Endoscopy,DPT589,160,25,15.6,13166.67
Pain Management,DPT845,128,20,15.6,13304.35
Cardiovascular,DPT681,122,19,15.6,12000.0
Cardiac Electrophysiology,DPT104,128,20,15.6,12222.22
Toxicology,DPT256,141,22,15.6,11472.22
Musculoskeletal,DPT731,128,20,15.6,12333.33
Oral,DPT369,155,24,15.5,14121.95
Geriatrics,DPT478,129,20,15.5,14428.57
Reconstructive,DPT418,155,24,15.5,12023.26
Allergy,DPT520,148,23,15.5,13052.63
Radiology,DPT731,142,22,15.5,14095.24
Infectious,DPT681,110,17,15.5,10193.55
Reproductive - Male,DPT520,148,23,15.5,14060.0
Pediatrics,DPT794,116,18,15.5,13300.0
Neuromuscular,DPT237,110,17,15.5,11825.0
Ophthalmology,DPT845,130,20,15.4,13100.0
Respiratory,DPT119,149,23,15.4,13239.13
Reproductive - Male,DPT223,143,22,15.4,12677.42
Toxicology,DPT526,143,22,15.4,15000.0
Pain Management,DPT742,123,19,15.4,13275.86
Musculoskeletal,DPT237,117,18,15.4,14000.0
Addiction,DPT364,130,20,15.4,14333.33
Reconstructive,DPT589,163,25,15.3,14805.56
Allergy,DPT913,137,21,15.3,14481.48
Radiology,DPT681,131,20,15.3,14925.0
Palliative,DPT217,144,22,15.3,14592.59
Addiction,DPT624,150,23,15.3,13736.84
Congenital,DPT845,131,20,15.3,13448.28
Obstetrics,DPT731,137,21,15.3,12853.66
Cardiac Electrophysiology,DPT305,124,19,15.3,12096.77
Gastrointestinal,DPT110,111,17,15.3,13900.0
Infectious,DPT364,144,22,15.3,16354.84
Radiology,DPT845,150,23,15.3,14027.03
Oral,DPT478,118,18,15.3,12103.45
Reproductive - Male,DPT305,124,19,15.3,13696.97
Urinary,DPT478,132,20,15.2,13842.11
Oncology,DPT589,164,25,15.2,12116.28
Reconstructive,DPT681,112,17,15.2,13125.0
Preventive,DPT624,125,19,15.2,12000.0
Endocrine,DPT256,145,22,15.2,13571.43
Reconstructive,DPT337,138,21,15.2,15307.69
Respiratory,DPT418,178,27,15.2,12055.56
Pediatrics,DPT369,158,24,15.2,13090.91
Gastrointestinal,DPT337,132,20,15.2,10588.24
Otolaryngology,DPT364,112,17,15.2,14444.44
Neuromuscular,DPT305,112,17,15.2,11218.75
Oncology,DPT223,132,20,15.2,12379.31
Congenital,DPT526,152,23,15.1,13980.0
Congenital,DPT913,139,21,15.1,13305.56
Ophthalmology,DPT364,119,18,15.1,9360.0
Otolaryngology,DPT369,127,19,15.0,11500.0
Occupational Health,DPT845,133,20,15.0,11121.95
Palliative,DPT369,133,20,15.0,14738.1
Dermatology,DPT337,153,23,15.0,12000.0
Occupational Health,DPT104,160,24,15.0,13208.33
Cardiac Electrophysiology,DPT217,160,24,15.0,12644.44
Sleep Disorders,DPT337,127,19,15.0,14214.29
Endocrine,DPT305,134,20,14.9,12720.0
Endoscopy,DPT902,141,21,14.9,12413.04
Cardiovascular,DPT624,155,23,14.8,13511.63
Reconstructive,DPT526,135,20,14.8,13851.85
Neurological,DPT624,135,20,14.8,13771.43
Oncology,DPT520,162,24,14.8,12750.0
Neurological,DPT589,169,25,14.8,15693.88
Gastrointestinal,DPT418,142,21,14.8,12000.0
Urinary,DPT731,142,21,14.8,11764.71
Trauma,DPT478,128,19,14.8,12765.96
Autoimmune Disorders,DPT520,150,22,14.7,9529.41
Occupational Health,DPT223,129,19,14.7,14062.5
Hepatic,DPT478,109,16,14.7,11064.52
Endoscopy,DPT217,143,21,14.7,15171.43
Neurological,DPT337,130,19,14.6,13767.44
Psychiatric,DPT256,171,25,14.6,12968.25
Ophthalmology,DPT742,137,20,14.6,10710.53
Reconstructive,DPT412,123,18,14.6,12400.0
Dermatology,DPT412,130,19,14.6,14551.72
Metabolic Disorders,DPT526,138,20,14.5,13354.84
Pain Management,DPT237,117,17,14.5,11600.0
Hepatic,DPT520,145,21,14.5,14682.93
Addiction,DPT418,172,25,14.5,13632.65
Toxicology,DPT418,166,24,14.5,13700.0
Gastrointestinal,DPT845,145,21,14.5,11761.9
Otolaryngology,DPT915,152,22,14.5,12361.11
Immunology,DPT223,118,17,14.4,11861.11
Infectious,DPT520,118,17,14.4,13031.25
Dermatology,DPT624,132,19,14.4,15451.61
Congenital,DPT742,153,22,14.4,14500.0
Preventive,DPT217,153,22,14.4,14577.78
Oral,DPT902,118,17,14.4,16562.5
Congenital,DPT217,153,22,14.4,13325.0
Immunology,DPT104,111,16,14.4,12925.93
Trauma,DPT526,146,21,14.4,14433.96
Geriatrics,DPT902,133,19,14.3,11729.73
Pediatrics,DPT237,126,18,14.3,13500.0
Gastrointestinal,DPT589,154,22,14.3,11854.17
Autoimmune Disorders,DPT913,105,15,14.3,13451.61
Autoimmune Disorders,DPT237,126,18,14.3,12933.33
Reproductive - Male,DPT237,126,18,14.3,13194.44
Preventive,DPT364,141,20,14.2,12322.58
Trauma,DPT305,120,17,14.2,12264.71
Geriatrics,DPT624,134,19,14.2,11848.48
Endoscopy,DPT802,120,17,14.2,13176.47
Immunology,DPT624,155,22,14.2,13057.14
Cardiac Electrophysiology,DPT369,120,17,14.2,15928.57
Trauma,DPT104,134,19,14.2,16725.0
Palliative,DPT742,149,21,14.1,14500.0
Otolaryngology,DPT624,128,18,14.1,10600.0
Ophthalmology,DPT104,128,18,14.1,9343.75
Otolaryngology,DPT859,142,20,14.1,13411.76
Addiction,DPT526,149,21,14.1,11315.79
Toxicology,DPT103,135,19,14.1,12216.22
Psychiatric,DPT845,129,18,14.0,12707.32
Oncology,DPT742,121,17,14.0,13000.0
Respiratory,DPT845,157,22,14.0,13121.95
Musculoskeletal,DPT103,136,19,14.0,13421.05
Immunology,DPT418,144,20,13.9,11255.81
Musculoskeletal,DPT305,137,19,13.9,14911.76
Neurological,DPT845,152,21,13.8,11735.29
Endoscopy,DPT624,123,17,13.8,14631.58
Endocrine,DPT742,138,19,13.8,13692.31
Respiratory,DPT237,123,17,13.8,11794.87
Congenital,DPT859,139,19,13.7,11405.41
Endocrine,DPT589,161,22,13.7,13000.0
Obstetrics,DPT104,117,16,13.7,14928.57
Pediatrics,DPT915,153,21,13.7,12311.11
Metabolic Disorders,DPT845,139,19,13.7,12923.08
Dermatology,DPT902,146,20,13.7,12489.36
Oncology,DPT678,132,18,13.6,11078.95
Musculoskeletal,DPT256,154,21,13.6,11224.49
Preventive,DPT915,132,18,13.6,12465.12
Autoimmune Disorders,DPT369,148,20,13.5,12975.61
Hematology,DPT520,141,19,13.5,14500.0
Occupational Health,DPT119,133,18,13.5,11795.45
Cardiac Electrophysiology,DPT802,148,20,13.5,14936.17
Pediatrics,DPT305,112,15,13.4,12625.0
Cardiovascular,DPT913,127,17,13.4,15078.95
Neurological,DPT902,149,20,13.4,12900.0
Toxicology,DPT802,120,16,13.3,11961.54
Palliative,DPT223,128,17,13.3,12558.82
Endocrine,DPT526,136,18,13.2,12050.0
Addiction,DPT845,129,17,13.2,14085.71
Preventive,DPT520,152,20,13.2,13108.11
Endoscopy,DPT678,137,18,13.1,14857.14
Reproductive - Male,DPT624,130,17,13.1,12717.95
Oral,DPT237,122,16,13.1,12882.35
Addiction,DPT913,153,20,13.1,13285.71
Reproductive - Female,DPT305,130,17,13.1,12114.29
Pain Management,DPT119,145,19,13.1,12529.41
Otolaryngology,DPT902,123,16,13.0,11562.5
Neuromuscular,DPT731,131,17,13.0,11166.67
Hepatic,DPT110,131,17,13.0,12083.33
Pain Management,DPT794,131,17,13.0,11853.66
Pain Management,DPT913,124,16,12.9,11030.3
Radiology,DPT364,147,19,12.9,14073.17
Occupational Health,DPT369,101,13,12.9,12258.06
Endoscopy,DPT119,140,18,12.9,13375.0
Infectious,DPT915,164,21,12.8,15083.33
Respiratory,DPT859,133,17,12.8,12272.73
Palliative,DPT902,149,19,12.8,13725.0
Toxicology,DPT859,158,20,12.7,12756.76
Toxicology,DPT119,142,18,12.7,10222.22
Autoimmune Disorders,DPT589,165,21,12.7,11750.0
Renal,DPT223,142,18,12.7,12400.0
Reconstructive,DPT794,127,16,12.6,14821.43
Reconstructive,DPT678,136,17,12.5,12648.65
Endocrine,DPT794,120,15,12.5,12000.0
Allergy,DPT119,152,19,12.5,14309.52
Hepatic,DPT256,129,16,12.4,14000.0
Autoimmune Disorders,DPT110,121,15,12.4,11111.11
Occupational Health,DPT364,153,19,12.4,11812.5
Neuromuscular,DPT104,146,18,12.3,12526.32
Hematology,DPT742,146,18,12.3,11828.57
Congenital,DPT418,148,18,12.2,14410.26
Gastrointestinal,DPT859,131,16,12.2,13277.78
Geriatrics,DPT526,116,14,12.1,11322.58
Palliative,DPT802,133,16,12.0,14277.78
Gastrointestinal,DPT742,133,16,12.0,11636.36
Hematology,DPT915,150,18,12.0,12187.5
Dermatology,DPT681,117,14,12.0,11500.0
Oncology,DPT845,134,16,11.9,15250.0
Congenital,DPT802,135,16,11.9,14525.0
Metabolic Disorders,DPT589,159,19,11.9,12090.91
Sleep Disorders,DPT915,136,16,11.8,11806.45
Cardiovascular,DPT104,127,15,11.8,12823.53
Urinary,DPT104,145,17,11.7,13948.72
Reconstructive,DPT110,121,14,11.6,14866.67
Musculoskeletal,DPT915,148,17,11.5,11454.55
Endocrine,DPT110,123,14,11.4,13000.0
Reproductive - Female,DPT731,141,16,11.3,13150.0
Metabolic Disorders,DPT802,134,15,11.2,13771.43
Hepatic,DPT418,144,16,11.1,14250.0
Geriatrics,DPT110,152,16,10.5,11520.0
Palliative,DPT589,171,18,10.5,13423.08
Hepatic,DPT223,133,14,10.5,13435.9
Metabolic Disorders,DPT859,134,14,10.4,11875.0
Dermatology,DPT217,144,14,9.7,14121.95
Neurological,DPT859,128,12,9.4,11487.8
